{"cameraMode":{"drawMode":0,"name":"Shaded","section":"Shading Mode"},"sceneLighting":true,"audioPlay":false,"sceneViewState":{"showFog":true,"showMaterialUpdate":true,"showSkybox":true,"showFlares":true,"showImageEffects":true,"showParticleSystems":true},"in2DMode":false,"pivot":{"x":0.6853629946708679,"y":0.83620285987854,"z":-1.3274753093719483},"rotation":{"x":-0.0902663916349411,"y":0.8947394490242004,"z":-0.21073375642299653,"w":-0.38325557112693789},"size":35.77390670776367,"orthographic":false}